theta,environment,episodes,success_rate,avg_steps,avg_reward,final_memory_size,avg_comparisons_per_step,timeouts,nodes_created,avg_nodes_created
0.1,Empty Grid,10,1.0,14.0,0.87,14,13.25,0,14,1.4
0.1,Simple Maze,10,1.0,14.0,0.87,14,13.25,0,14,1.4
0.1,Complex Maze,10,1.0,15.0,0.86,19,17.33,0,19,1.9
0.1,Random Obstacles,10,1.0,14.0,0.87,14,13.25,0,14,1.4
0.2,Empty Grid,10,1.0,14.0,0.87,12,10.9,0,12,1.2
0.2,Simple Maze,10,1.0,14.0,0.87,11,10.44,0,11,1.1
0.2,Complex Maze,10,1.0,15.0,0.86,18,16.36,0,18,1.8
0.2,Random Obstacles,10,1.0,14.4,0.87,15,13.69,0,15,1.5
0.35,Empty Grid,10,1.0,14.0,0.87,6,5.76,0,6,0.6
0.35,Simple Maze,10,1.0,14.0,0.87,9,8.54,0,9,0.9
0.35,Complex Maze,10,1.0,15.0,0.86,11,10.15,0,11,1.1
0.35,Random Obstacles,10,1.0,14.6,0.86,10,9.43,0,10,1.0
0.5,Empty Grid,10,1.0,14.0,0.87,6,5.74,0,6,0.6
0.5,Simple Maze,10,1.0,14.0,0.87,8,7.64,0,8,0.8
0.5,Complex Maze,10,1.0,15.0,0.86,11,10.13,0,11,1.1
0.5,Random Obstacles,10,1.0,15.8,0.85,10,9.32,0,10,1.0
0.75,Empty Grid,10,1.0,14.0,0.87,5,4.79,0,5,0.5
0.75,Simple Maze,10,1.0,14.0,0.87,8,7.61,0,8,0.8
0.75,Complex Maze,10,1.0,15.0,0.86,9,8.41,0,9,0.9
0.75,Random Obstacles,10,1.0,14.0,0.87,8,7.49,0,8,0.8
